"Blueprint","Instances","Maps","Kind"
"/env/evergreen/props/rocks/rock01_prop.bp","45352","89","rock"
"/env/desert/props/rocks/des_boulder02_prop.bp","31232","62","rock"
"/env/evergreen/props/trees/oak01_s3_prop.bp","30499","35","tree"
"/env/desert/props/rocks/des_boulder03_prop.bp","28837","57","rock"
"/env/evergreen/props/trees/groups/pine06_big_groupb_prop.bp","27220","65","tree-group"
"/env/evergreen/props/trees/oak01_s2_prop.bp","26980","32","tree"
"/env/desert/props/rocks/des_boulder06_prop.bp","26585","64","rock"
"/env/evergreen/props/trees/oak01_s1_prop.bp","26448","34","tree"
"/env/evergreen/props/rocks/rock02_prop.bp","25757","81","rock"
"/env/evergreen/props/rocks/rock03_prop.bp","25570","78","rock"
"/env/desert/props/rocks/des_boulder04_prop.bp","25368","61","rock"
"/env/evergreen/props/trees/groups/pine06_groupa_prop.bp","24407","50","tree-group"
"/env/desert/props/trees/cactus01_s1_prop.bp","23785","14","tree"
"/env/tundra/props/trees/groups/tund_pine01_group1_prop.bp","23692","20","tree-group"
"/env/evergreen/props/trees/pine06_big_s2_prop.bp","22969","38","tree"
"/env/evergreen/props/trees/groups/pine06_big_groupa_prop.bp","20340","53","tree-group"
"/env/evergreen/props/rocks/rock04_prop.bp","20317","64","rock"
"/env/evergreen/props/rocks/rock05_prop.bp","20302","63","rock"
"/env/desert/props/rocks/des_boulder05_prop.bp","20279","52","rock"
"/env/redrocks/props/boulder04_prop.bp","20112","25","rock"
"/env/evergreen/props/trees/pine06_big_v1_prop.bp","19484","38","tree"
"/env/redrocks/props/boulder05_prop.bp","19360","25","rock"
"/env/evergreen/props/trees/groups/pine06_groupb_prop.bp","19353","50","tree-group"
"/env/redrocks/props/boulder02_prop.bp","19138","22","rock"
"/env/tundra/props/trees/groups/tund_pine01_group2_prop.bp","18788","18","tree-group"
"/env/tundra/props/trees/tund_pine01_s3_prop.bp","18121","17","tree"
"/env/desert/props/trees/groups/manzanita01_group1_prop.bp","17824","27","tree-group"
"/env/tundra/props/trees/tund_pine01_s2_prop.bp","17728","17","tree"
"/env/evergreen/props/trees/groups/pine07_groupb_prop.bp","17581","40","tree-group"
"/env/evergreen/props/trees/pine06_prop.bp","17406","27","tree"
"/env/tundra/props/trees/tund_pine01_s1_prop.bp","17078","17","tree"
"/env/tropical/props/trees/ficus01_s1_prop.bp","16919","25","tree"
"/env/desert/props/trees/groups/manzanita01_group2_prop.bp","16705","28","tree-group"
"/env/redrocks/props/boulder03_prop.bp","16001","21","rock"
"/env/evergreen/props/trees/pine07_prop.bp","15653","33","tree"
"/env/tropical/props/trees/palm01_s1_prop.bp","15529","17","tree"
"/env/evergreen/props/trees/pine06_big_s3_prop.bp","15491","35","tree"
"/env/redrocks/props/boulder06_prop.bp","15212","23","rock"
"/env/evergreen/props/trees/pine06_big_v1_s2_prop.bp","14812","36","tree"
"/env/desert/props/trees/groups/cactus01_group1_prop.bp","14684","24","tree-group"
"/env/evergreen/props/trees/groups/pine07_groupa_prop.bp","14389","42","tree-group"
"/env/desert/props/trees/groups/cactus01_group2_prop.bp","14287","25","tree-group"
"/env/evergreen/props/trees/pine06_big_prop.bp","14003","34","tree"
"/env/tropical/props/trees/palm01_s4_prop.bp","13945","21","tree"
"/env/evergreen/props/trees/dc01_s3_prop.bp","13890","17","tree"
"/env/evergreen/props/rocks/rockpile01_prop.bp","12574","47","rock"
"/env/tropical/props/trees/ficus02_s1_prop.bp","12542","20","tree"
"/env/evergreen/props/trees/pine06_v2_s3_prop.bp","12368","29","tree"
"/env/desert/props/trees/manzanita01_s1_prop.bp","12181","13","tree"
"/env/tropical/props/trees/palm02_s4_prop.bp","11823","16","tree"
"/env/evergreen/props/rocks/rockpile02_prop.bp","11811","49","rock"
"/env/tropical/props/trees/ficus01_s3_prop.bp","11810","20","tree"
"/env/evergreen/props/trees/dc01_s1_prop.bp","11634","19","tree"
"/env/evergreen/props/trees/dc01_s2_prop.bp","11554","18","tree"
"/env/desert/props/trees/manzanita01_s2_prop.bp","11389","13","tree"
"/env/evergreen/props/trees/pine06_v1_prop.bp","10715","30","tree"
"/env/tropical/props/trees/ficus02_s2_prop.bp","10588","20","tree"
"/env/evergreen/props/trees/pine06_s2_prop.bp","10556","27","tree"
"/env/evergreen/props/trees/groups/oak01_group1_prop.bp","10518","46","tree-group"
"/env/evergreen/props/trees/pine07_s3_prop.bp","10279","28","tree"
"/env/swamp/props/trees/cypress01_s1_prop.bp","10268","23","tree"
"/env/desert/props/trees/manzanita01_s3_prop.bp","10113","13","tree"
"/env/tropical/props/trees/palm01_s2_prop.bp","9952","19","tree"
"/env/evergreen/props/trees/pine07_s2_prop.bp","9874","29","tree"
"/env/swamp/props/trees/cypress01_s3_prop.bp","9725","18","tree"
"/env/tropical/props/trees/palm02_s1_prop.bp","9679","17","tree"
"/env/tropical/props/trees/groups/palm01_group3_prop.bp","9519","24","tree-group"
"/env/evergreen/props/trees/pine06_v1_s2_prop.bp","9351","27","tree"
"/env/tropical/props/trees/groups/palm02_group4_prop.bp","8975","22","tree-group"
"/env/tropical/props/trees/palm02_s3_prop.bp","8753","20","tree"
"/env/evergreen/props/trees/pine06_v2_s2_prop.bp","8615","26","tree"
"/env/evergreen/props/trees/groups/oak01_group2_prop.bp","8519","46","tree-group"
"/env/tropical/props/trees/ficus01_s2_prop.bp","8386","21","tree"
"/env/tropical/props/trees/palm01_s3_prop.bp","8244","15","tree"
"/env/evergreen/props/trees/pine06_v1_s3_prop.bp","7999","21","tree"
"/env/crystalline/props/rocks/cryscrystal03_prop.bp","7862","12","rock"
"/env/tropical/props/trees/groups/palm02_group3_prop.bp","7772","19","tree-group"
"/env/evergreen/props/trees/pine06_big_v1_s3_prop.bp","7664","23","tree"
"/env/tropical/props/trees/groups/palm01_group4_prop.bp","7648","21","tree-group"
"/env/crystalline/props/rocks/cryscrystal10_prop.bp","7544","1","rock"
"/env/evergreen/props/trees/pine06_v2_prop.bp","7441","19","tree"
"/env/tropical/props/trees/palm02_s2_prop.bp","6948","22","tree"
"/env/evergreen/props/logs/log01_prop.bp","6727","24","other-prop"
"/env/evergreen/props/logs/log02_prop.bp","6725","20","other-prop"
"/env/tropical/props/trees/groups/ficus01_group1_prop.bp","6695","27","tree-group"
"/env/redrocks/props/trees/redtree01_s2_prop.bp","6618","15","tree"
"/env/swamp/props/trees/groups/cypress01_group2_prop.bp","6419","20","tree-group"
"/env/redrocks/props/rock_sm02_prop.bp","6413","9","other-prop"
"/env/tropical/props/trees/groups/ficus02_group1_prop.bp","6255","24","tree-group"
"/env/swamp/props/trees/cypress01_s2_prop.bp","6231","17","tree"
"/env/redrocks/props/rock_sm03_prop.bp","6191","8","other-prop"
"/env/tundra/props/icerocksm02_prop.bp","6166","18","other-prop"
"/env/redrocks/props/rock_sm01_prop.bp","6089","10","other-prop"
"/env/evergreen/props/trees/pine06_s3_prop.bp","6011","24","tree"
"/env/redrocks/props/rock_sm06_prop.bp","5960","7","other-prop"
"/env/redrocks/props/rock_sm07_prop.bp","5958","6","other-prop"
"/env/redrocks/props/rock_sm04_prop.bp","5956","8","other-prop"
"/env/tropical/props/trees/groups/ficus01_group3_prop.bp","5954","23","tree-group"
"/env/tundra/props/icerocksm01_prop.bp","5911","17","other-prop"
"/env/redrocks/props/rock_sm05_prop.bp","5862","8","other-prop"
"/env/redrocks/props/trees/redtree01_s3_prop.bp","5770","13","tree"
"/env/redrocks/props/trees/redtree01_s1_prop.bp","5590","13","tree"
"/env/tundra/props/icerocksm04_prop.bp","5215","15","other-prop"
"/env/tundra/props/iceberg04_prop.bp","5068","16","other-prop"
"/env/tundra/props/icerocksm03_prop.bp","5015","16","other-prop"
"/env/redrocks/props/trees/carotenoid01_s1_prop.bp","5004","14","tree"
"/env/evergreen/props/trees/groups/dc01_group2_prop.bp","4952","25","tree-group"
"/env/swamp/props/trees/groups/cypress01_group1_prop.bp","4901","17","tree-group"
"/env/tropical/props/trees/groups/ficus02_group3_prop.bp","4832","26","tree-group"
"/env/tropical/props/trees/ficus02_s3_prop.bp","4667","18","tree"
"/env/redrocks/props/trees/carotenoid01_s3_prop.bp","4502","13","tree"
"/env/uef/props/uef_fence_prop.bp","4477","11","other-prop"
"/env/lava/props/trees/groups/dead01_group2_prop.bp","4470","16","tree-group"
"/env/lava/props/trees/groups/dead01_group1_prop.bp","4411","14","tree-group"
"/env/redrocks/props/trees/carotenoid01_s2_prop.bp","4370","12","tree"
"/env/redrocks/props/trees/groups/redtree01_group1_prop.bp","4165","17","tree-group"
"/env/redrocks/props/trees/groups/carotenoid01_group2_prop.bp","4113","17","tree-group"
"/env/lava/props/rocks/lav_rock03_prop.bp","4096","8","rock"
"/env/crystalline/props/rocks/cryscrystal01_prop.bp","3983","12","rock"
"/env/tropical/props/trees/groups/ficus02_group2_prop.bp","3973","24","tree-group"
"/env/lava/props/trees/dead01_s1_prop.bp","3941","15","tree"
"/env/lava/props/rocks/lav_rock04_prop.bp","3928","8","rock"
"/env/lava/props/trees/dead01_s2_prop.bp","3808","13","tree"
"/env/evergreen/props/trees/groups/dc01_group1_prop.bp","3704","23","tree-group"
"/env/lava/props/rocks/lav_rock05_prop.bp","3674","8","rock"
"/env/lava/props/trees/dead01_s3_prop.bp","3645","14","tree"
"/env/redrocks/props/trees/groups/carotenoid01_group1_prop.bp","3538","15","tree-group"
"/env/crystalline/props/rocks/cryscrystal02_prop.bp","3449","10","rock"
"/env/tropical/props/trees/groups/palm02_group2_prop.bp","3424","19","tree-group"
"/env/swamp/props/rocks/boulder03_prop.bp","3419","9","rock"
"/env/lava/props/rocks/lav_rock01_prop.bp","3228","12","rock"
"/env/swamp/props/rocks/boulder02_prop.bp","3198","9","rock"
"/env/desert/props/trees/cactus01_s2_prop.bp","3175","7","tree"
"/env/evergreen/props/trees/brch01_prop.bp","3060","8","tree"
"/env/crystalline/props/rocks/cryscrystal08_prop.bp","3027","5","rock"
"/env/lava/props/rocks/lav_rock02_prop.bp","2918","13","rock"
"/env/tundra/props/iceberg03_prop.bp","2907","18","other-prop"
"/env/evergreen/props/trees/brch01_s1_prop.bp","2821","13","tree"
"/env/tropical/props/trees/groups/ficus01_group2_prop.bp","2729","19","tree-group"
"/env/redrocks/props/pod01_prop.bp","2726","16","other-prop"
"/env/evergreen/props/bush/eg_bush01_prop.bp","2700","8","other-prop"
"/env/tropical/props/rocks/rock03_prop.bp","2693","11","rock"
"/env/redrocks/props/pod03_prop.bp","2594","14","other-prop"
"/env/geothermal/props/rocks/georockgroup03_prop.bp","2444","7","rock"
"/env/tropical/props/trees/groups/palm02_group1_prop.bp","2428","13","tree-group"
"/env/tropical/props/trees/groups/palm01_group2_prop.bp","2399","16","tree-group"
"/env/evergreen/props/bush/eg_fern01_prop.bp","2380","5","other-prop"
"/env/tropical/props/trees/palm01_s5_prop.bp","2332","15","tree"
"/env/geothermal/props/rocks/georockgroup04_prop.bp","2307","7","rock"
"/env/redrocks/props/trees/groups/redtree01_group2_prop.bp","2280","14","tree-group"
"/env/tropical/props/rocks/rockpile02_prop.bp","2235","10","rock"
"/env/tundra/props/iceberg02_prop.bp","2233","13","other-prop"
"/env/redrocks/props/pod02_prop.bp","2223","14","other-prop"
"/env/evergreen/props/trees/brch01_s2_prop.bp","2185","10","tree"
"/env/crystalline/props/rocks/cryssmrock07_prop.bp","2098","2","rock"
"/env/geothermal/props/rocks/georockgroup01_prop.bp","2097","10","rock"
"/env/crystalline/props/rocks/cryssmrock06_prop.bp","2058","2","rock"
"/env/evergreen/props/bush/eg_fern03_prop.bp","1950","7","other-prop"
"/env/swamp/props/rocks/boulder01_prop.bp","1901","9","rock"
"/env/tundra/props/rocks/ice_crystal_01_prop.bp","1876","7","rock"
"/env/uef/props/uef_streetlight_01_prop.bp","1836","11","other-prop"
"/env/tropical/props/trees/palm02_s5_prop.bp","1793","14","tree"
"/env/tundra/props/iceberg06_prop.bp","1727","13","other-prop"
"/env/evergreen/props/bush/flowerbush01_prop.bp","1700","9","other-prop"
"/env/crystalline/props/rocks/cryscrystal04_prop.bp","1653","5","rock"
"/env/lava/props/trees/xdead01_s1_prop.bp","1652","9","tree"
"/env/crystalline/props/rocks/cryscrystal05_prop.bp","1598","5","rock"
"/env/tropical/props/trrock01_prop.bp","1595","6","rock"
"/env/lava/props/trees/xdead01_s2_prop.bp","1587","10","tree"
"/env/tundra/props/rocks/tund_rock04_prop.bp","1564","3","rock"
"/env/crystalline/props/rocks/cryssmrock08_prop.bp","1556","1","rock"
"/env/tundra/props/rocks/tund_rock05_prop.bp","1546","3","rock"
"/env/evergreen/props/trees/brch01_s3_prop.bp","1542","8","tree"
"/env/crystalline/props/rocks/cryscrystal09_prop.bp","1542","1","rock"
"/env/tropical/props/trees/groups/palm01_group1_prop.bp","1529","9","tree-group"
"/env/evergreen/props/bush/eg_bush03_prop.bp","1502","6","other-prop"
"/env/geothermal/props/rocks/georockgroup02_prop.bp","1431","6","rock"
"/env/desert/props/rocks/des_boulder01_prop.bp","1430","39","rock"
"/env/lava/props/trees/xdead01_s3_prop.bp","1422","8","tree"
"/env/evergreen/props/bush/eg_fern02_prop.bp","1420","4","other-prop"
"/env/geothermal/props/rocks/georock03_prop.bp","1379","6","rock"
"/env/lava/props/trees/lv_dead01_s1_prop.bp","1343","9","tree"
"/env/lava/props/rocks/lavaberg04_prop.bp","1268","8","rock"
"/env/tropical/props/rocks/rockpile01_prop.bp","1266","7","rock"
"/env/geothermal/props/rocks/georock02_prop.bp","1193","4","rock"
"/env/evergreen/props/trees/groups/brch01_group01_prop.bp","1187","10","tree-group"
"/env/tropical/props/rocks/rock02_prop.bp","1171","7","rock"
"/env/tundra/props/iceberg05_prop.bp","1092","13","other-prop"
"/env/lava/props/rocks/lv_rock01_prop.bp","1088","6","rock"
"/env/tropical/props/rocks/rock04_prop.bp","1084","5","rock"
"/env/desert/props/trees/cactus01_s3_prop.bp","1010","6","tree"
"/env/common/props/lavasteam02_prop.bp","1001","7","other-prop"
"/env/ancient-earth/props/trees/oak1_s4_prop.bp","972","10","tree"
"/env/swamp/props/rocks/outcrop01_prop.bp","964","8","rock"
"/env/tropical/props/rocks/rock05_prop.bp","936","5","rock"
"/env/evergreen/props/rocks/searock01_prop.bp","919","21","rock"
"/env/ancient-earth/props/trees/fallmix1oak1_s4_prop.bp","850","9","tree"
"/env/ancient-earth/props/trees/bronzeyellow1oak1_s4_prop.bp","846","9","tree"
"/env/evergreen/props/trees/groups/brch01_group02_prop.bp","790","10","tree-group"
"/env/evergreen/props/rocks/fieldstone01_prop.bp","785","51","rock"
"/env/ancient-earth/props/trees/bronzeyellow1oak1_s3_prop.bp","780","8","tree"
"/env/swamp/props/bush/sw_bush03_prop.bp","764","4","other-prop"
"/env/ancient-earth/props/trees/fallmix1oak1_s3_prop.bp","764","7","tree"
"/env/evergreen/props/bush/eg_bush02_prop.bp","754","5","other-prop"
"/env/lava/props/rocks/lavaberg02_prop.bp","745","7","rock"
"/env/lava/props/rocks/lv_lavaberg02_prop.bp","666","3","rock"
"/env/lava/props/rocks/lv_lavaberg03_prop.bp","630","2","rock"
"/env/lava/props/rocks/lavaberg03_prop.bp","611","5","rock"
"/env/swamp/props/bush/sw_fern01_prop.bp","589","3","other-prop"
"/env/common/props/massdeposit01_prop.bp","562","5","other-prop"
"/env/tundra/props/rocks/tund_rock03_prop.bp","534","4","rock"
"/env/lava/props/rocks/lv_rock02_prop.bp","530","4","rock"
"/env/tundra/props/iceberg01_prop.bp","496","9","other-prop"
"/env/lava/props/rocks/lavarock02_prop.bp","482","6","rock"
"/env/evergreen/props/rocks/fieldstone04_prop.bp","449","40","rock"
"/env/evergreen/props/rocks/fieldstone03_prop.bp","445","40","rock"
"/env/crystalline/props/rocks/cryscrystal06_prop.bp","408","4","rock"
"/env/ancient-earth/props/trees/yellowgreenmix1oak1_s3_prop.bp","358","3","tree"
"/env/redrocks/props/boulder01_prop.bp","353","16","rock"
"/env/redrocks/props/searock01_prop.bp","345","9","rock"
"/env/evergreen/props/rocks/fieldstone02_prop.bp","336","40","rock"
"/env/redrocks/props/searock02_prop.bp","335","9","rock"
"/env/geothermal/props/rocks/georock07_prop.bp","315","5","rock"
"/env/ancient-earth/props/trees/oak01_s3_prop.bp","286","2","tree"
"/env/crystalline/props/rocks/cryscrystal07_prop.bp","284","5","rock"
"/env/ancient-earth/props/trees_dark/oak01_s2_dark_prop.bp","278","2","other-prop"
"/env/ancient-earth/props/trees/oak01_s2_prop.bp","268","2","tree"
"/env/ancient-earth/props/trees/dc01_s1_pink_prop.bp","266","2","tree"
"/env/ancient-earth/props/trees_dark/oak01_s1_pink_dark_prop.bp","250","2","other-prop"
"/env/tundra/props/icerock01_prop.bp","244","8","rock"
"/env/ancient-earth/props/trees_dark/oak01_s3_dark_prop.bp","240","2","other-prop"
"/env/ancient-earth/props/trees_dark/dc01_s2_pink_dark_prop.bp","240","2","other-prop"
"/env/tundra/props/rocks/tund_rock02_prop.bp","236","2","rock"
"/env/ancient-earth/props/trees_dark/dc01_s3_pink_dark_prop.bp","232","2","other-prop"
"/env/ancient-earth/props/trees/oak01_s1_pink_prop.bp","230","2","tree"
"/env/ancient-earth/props/trees_dark/dc01_s1_pink_dark_prop.bp","226","2","other-prop"
"/env/ancient-earth/props/trees/dc01_s2_pink_prop.bp","224","2","tree"
"/env/ancient-earth/props/trees/groups/oak01_group2_pink_prop.bp","221","2","tree-group"
"/env/ancient-earth/props/trees/groups/dc01_group2_pink_prop.bp","213","2","tree-group"
"/env/ancient-earth/props/trees/red1oak1_s4_prop.bp","210","2","tree"
"/env/ancient-earth/props/trees/dc01_s2_prop.bp","208","1","tree"
"/env/ancient-earth/props/trees/orange2oak1_s3_prop.bp","200","2","tree"
"/env/ancient-earth/props/trees/orange2oak1_s4_prop.bp","197","2","tree"
"/env/ancient-earth/props/trees/dc01_s1_prop.bp","196","1","tree"
"/env/common/props/lavasteam01_prop.bp","190","4","other-prop"
"/env/swamp/props/bush/sw_bush01_prop.bp","188","2","other-prop"
"/env/lava/props/rocks/searock02_prop.bp","186","5","rock"
"/env/crystalline-alt/props/crystals-yellow/yellowcrystal07_prop.bp","172","3","other-prop"
"/env/desert/props/emitters/desertblowingsand01_prop.bp","170","15","other-prop"
"/env/swamp/props/bush/sw_bush02_prop.bp","168","1","other-prop"
"/env/crystalline-alt/props/crystals-yellow/yellowcrystal06_prop.bp","148","2","other-prop"
"/env/tropical/props/rocks/searock02_prop.bp","147","5","rock"
"/env/ancient-earth/props/trees/groups/dc01_group1_pink_prop.bp","147","2","tree-group"
"/env/crystalline-alt/props/crystals-yellow/yellowcrystal02_prop.bp","143","3","other-prop"
"/env/swamp/props/bush/sw_fern03_prop.bp","142","1","other-prop"
"/env/ancient-earth/props/trees/purple1oak1_s4_prop.bp","130","1","tree"
"/env/crystalline/props/rocks/cryscrystal11_prop.bp","125","2","rock"
"/env/crystalline-alt/props/crystals-yellow/yellowcrystal03_prop.bp","124","1","other-prop"
"/env/ancient-earth/props/trees/orange1oak1_s3_prop.bp","120","1","tree"
"/env/tropical/props/rocks/rock01_prop.bp","120","7","rock"
"/env/lava/props/rocks/searock01_prop.bp","109","7","rock"
"/env/ancient-earth/props/trees/orange1oak1_s4_prop.bp","106","1","tree"
"/env/crystalline/props/rocks/crystalrock02_prop.bp","103","3","rock"
"/env/desert/props/emitters/desertblowingsand02_prop.bp","102","9","other-prop"
"/env/ancient-earth/props/trees/yellowgreen1oak1_s4_prop.bp","100","1","tree"
"/env/ancient-earth/props/trees/groups/oak01_group1_pink_prop.bp","98","2","tree-group"
"/env/ancient-earth/props/rocks_dark/georock01hd_dark_prop.bp","96","2","rock"
"/env/crystalline/props/clutter/crys_clutter02_prop.bp","95","2","other-prop"
"/env/ancient-earth/props/rocks/rock02pink_prop.bp","90","1","rock"
"/env/ancient-earth/props/trees_dark/groups/dc01_group2_pink_dark_prop.bp","84","1","other-prop"
"/env/crystalline/props/rocks/crystalrock01_prop.bp","82","2","rock"
"/env/tundra/props/icerock02_prop.bp","80","10","rock"
"/env/uef/props/uef_car1_prop.bp","74","5","other-prop"
"/env/ancient-earth/props/clutter/eg_bush01_purple_prop.bp","74","1","other-prop"
"/env/ancient-earth/props/clutter/eg_bush02_purple_prop.bp","74","1","other-prop"
"/env/ancient-earth/props/clutter/sw_bush02_purple_prop.bp","74","1","other-prop"
"/env/ancient-earth/props/trees_dark/groups/dc01_group1_pink_dark_prop.bp","74","1","other-prop"
"/env/crystalline/props/rocks/cryssmrock01_prop.bp","74","3","rock"
"/env/ancient-earth/props/trees/dc01_s3_pink_prop.bp","72","1","tree"
"/env/ancient-earth/props/trees/magenta1oak1_s4_prop.bp","70","2","tree"
"/env/ancient-earth/props/rocks_dark/georock02hd_dark_prop.bp","70","1","rock"
"/env/tundra/props/emitters/blowingsnow01_prop.bp","69","4","other-prop"
"/env/ancient-earth/props/trees_dark/groups/oak01_group2_pink_dark_prop.bp","62","1","other-prop"
"/env/uef/props/uef_bus_prop.bp","61","5","other-prop"
"/env/ancient-earth/props/trees_dark/groups/oak01_group1_pink_dark_prop.bp","60","1","other-prop"
"/env/common/props/lavasteam04_prop.bp","60","3","other-prop"
"/env/evergreen/props/rocks/searock02_prop.bp","59","15","rock"
"/env/tropical/props/rocks/lavarock01_prop.bp","58","5","rock"
"/env/ancient-earth/props/rocks_dark/georock02pink_dark_prop.bp","56","1","rock"
"/env/common/props/lavasteam03_prop.bp","55","3","other-prop"
"/env/ancient-earth/props/rocks_dark/rock01hd_dark_prop.bp","54","1","rock"
"/env/wreckage/props/generic/wreckage07_prop.bp","54","2","other-prop"
"/env/ancient-earth/props/rocks_dark/georock06pink_dark_prop.bp","50","1","rock"
"/env/geothermal/props/geysers/geyser01_prop.bp","50","9","other-prop"
"/env/ancient-earth/props/rocks/georock01pink_prop.bp","50","1","rock"
"/env/ancient-earth/props/rocks_dark/rock02pink_dark_prop.bp","44","1","rock"
"/env/redrocks/props/rock03_prop.bp","42","8","rock"
"/env/common/props/clutter03_prop.bp","42","3","other-prop"
"/env/wreckage/props/aeon/ual0202_wreckage_prop.bp","41","4","other-prop"
"/env/crystalline-alt/props/crystals-yellow/yellowcrystal01_prop.bp","40","2","other-prop"
"/env/ancient-earth/props/rocks_dark/georock06hd_dark_prop.bp","38","1","rock"
"/env/ancient-earth/props/trees/brown1oak1_s4_prop.bp","38","1","tree"
"/env/seraphim ii/props/emitters/snowseraphim1_prop.bp","36","2","other-prop"
"/env/ancient-earth/props/rocks_dark/rock02hd_dark_prop.bp","36","1","rock"
"/env/uef/props/uef_truck_prop.bp","32","3","other-prop"
"/env/ancient-earth/props/rocks_dark/rock01pink_dark_prop.bp","30","1","rock"
"/env/common/props/underwaterbubbles01_prop.bp","23","2","other-prop"
"/env/common/props/hydrocarbondeposit01_prop.bp","22","3","other-prop"
"/env/ancient-earth/props/rocks/georock07pink_prop.bp","20","1","rock"
"/env/seraphim ii/props/probe_prop.bp","18","1","other-prop"
"/env/structures/props/uef_building_001_prop.bp","18","3","other-prop"
"/env/structures/props/uef_warehouse01_prop.bp","16","3","other-prop"
"/env/wreckage/props/generic/wreckage08_prop.bp","15","1","other-prop"
"/env/structures/props/uef_power01_prop.bp","14","3","other-prop"
"/env/ancient-earth/props/rocks_dark/georock07pink_dark_prop.bp","14","1","rock"
"/env/structures/props/uef_nano_lab01_prop.bp","14","3","other-prop"
"/env/structures/props/uef_hydro_bay01_prop.bp","14","3","other-prop"
"/env/swamp/props/bush/sw_fern02_prop.bp","14","2","other-prop"
"/env/seraphim ii/props/rock2_prop.bp","12","1","rock"
"/env/crystalline/props/rocks/cryssmrock02_prop.bp","12","2","rock"
"/env/wreckage/props/generic/wreckage01_prop.bp","12","1","other-prop"
"/env/wreckage/props/generic/wreckage04_prop.bp","12","2","other-prop"
"/env/structures/props/uef_condo01_prop.bp","12","4","other-prop"
"/env/redrocks/props/thetabridge01_prop.bp","10","6","other-prop"
"/env/uef/props/uef_dock_prop.bp","10","3","other-prop"
"/env/geothermal/props/geysers/geyser02_prop.bp","10","2","other-prop"
"/env/ancient-earth/props/buildings/jwall/jwalltower_prop.bp","10","1","other-prop"
"/env/crystalline/props/rocks/cryssmrock03_prop.bp","10","1","rock"
"/env/ancient-earth/props/buildings/statues/budda_prop.bp","10","1","other-prop"
"/env/cybran/props/cybranadjacencynodethree_prop.bp","9","1","other-prop"
"/env/crystalline/props/rocks/cryssmrock05_prop.bp","8","1","rock"
"/env/common/props/marker01_prop.bp","8","1","other-prop"
"/env/ancient-earth/props/buildings/jbuild/jbuild02_prop.bp","8","1","other-prop"
"/env/ancient-earth/props/buildings/jwall/jwallgate_prop.bp","8","1","other-prop"
"/env/ancient-earth/props/gates/sak_gate_prop.bp","8","2","other-prop"
"/env/ancient-earth/props/buildings/jwall/jwall02_prop.bp","8","1","other-prop"
"/env/structures/props/uef_building_002_prop.bp","6","3","other-prop"
"/env/seraphim ii/props/floe_prop.bp","6","2","other-prop"
"/env/ancient-earth/props/buildings/jbuild/jbuild01_prop.bp","6","1","other-prop"
"/env/aeon/props/aeon_fence_prop.bp","5","2","other-prop"
"/env/ancient-earth/props/other/wood_structure2_40m_prop.bp","4","1","other-prop"
"/env/cybran/props/cybran_car2_prop.bp","4","1","other-prop"
"/env/aeon/props/aeon_dock_prop.bp","4","1","other-prop"
"/env/geothermal/props/rocks/georockgroup06_prop.bp","4","2","rock"
"/env/cybran/props/cybran_bus_prop.bp","4","1","other-prop"
"/env/common/props/watersurfacemist01_prop.bp","4","1","other-prop"
"/env/ancient-earth/props/other/wood_structure3_50m_prop.bp","4","1","other-prop"
"/env/cybran/props/cybranadjacencynodetwo_prop.bp","3","1","other-prop"
"/env/crystalline/props/clutter/crys_clutter03_prop.bp","2","1","other-prop"
"/env/wreckage/props/generic/wreckage05_prop.bp","2","1","other-prop"
"/env/seraphim ii/props/emitters/snowseraphim2_prop.bp","2","1","other-prop"
"/env/ancient-earth/props/buildings/jwall/jwall01_prop.bp","2","1","other-prop"
"/env/wreckage/props/generic/wreckage02_prop.bp","2","1","other-prop"
"/env/seraphim/props/seraphim_crystal_prop.bp","2","1","other-prop"
