"Stem","Role","Family","Maps","Luma","Std","StdC","R","G","B","Format","Size","Path"
"lav_cracked02","crack","lava","9","29.3","8.5","3.6","31.6","27.5","32.4","DXT1","512x512","/env/lava/layers/lav_cracked02_albedo.dds"
"lav_cracked","crack","lava","3","29.4","8.5","3.6","31.6","27.6","32.5","DXT5","512x512","/env/lava/layers/lav_cracked_albedo.dds"
"lav_cracked02b","crack","lava","16","33.9","9.7","4.2","33.8","34","33.8","DXT3","512x512","/env/lava/layers/lav_cracked02b_albedo.dds"
"rb_cracked","crack","red barrens","18","45.1","7.5","3.5","77","33.6","21","DXT1","512x512","/env/red barrens/layers/rb_cracked_albedo.dds"
"rb_cracked02","crack","red barrens","11","58.1","12.4","4.6","123.6","35.4","3.4","DXT5","512x512","/env/red barrens/layers/rb_cracked02_albedo.dds"
"cracked_cement_seamless_darker","crack","MAP-LOCAL","1","59.2","10.2","4.3","66.3","58.4","44.9","DXT1","1024x1024","/maps/a_new_dawn.v0003/env/layers/cracked_cement_seamless_darker.dds"
"cracked_cement_seamless_darker","crack","MAP-LOCAL","1","59.2","10.2","4.3","66.3","58.4","44.9","DXT1","1024x1024","/maps/crater_rocks.v0005/env/layers/cracked_cement_seamless_darker.dds"
"cryst013","crystal","crystalline","5","31.7","44.5","26.6","17.9","37.3","39.4","DXT3","512x512","/env/crystalline/layers/cryst013_albedo.dds"
"cryst010","crystal","crystalline","1","33.7","3.3","1.2","24","28.3","86.8","DXT1","512x512","/env/crystalline/layers/cryst010_albedo.dds"
"cr_07_01b_albedo3","crystal","MAP-LOCAL","1","37.9","33","19.8","52.4","25.4","64.6","DXT5","512x512","/maps/eonnacia.v0033/env/layers/cr_07_01b_albedo3.dds"
"cr_07_01b","crystal","MAP-LOCAL","1","40.9","37.6","22.3","40.7","34","77.3","DXT5","512x512","/maps/eonnacia.v0033/env/layers/cr_07_01b_albedo.dds"
"cr_01_01_albedo2","crystal","MAP-LOCAL","1","42.1","7.7","4.3","39.7","33.3","93.7","DXT5","512x512","/maps/eonnacia.v0033/env/layers/cr_01_01_albedo2.dds"
"cru_flat001","crystal","MAP-LOCAL","1","45.8","8.5","3.4","44.5","46.1","48","DXT3","512x512","/maps/rusting_iron_roundel.v0003/env/layers/cru_flat001_albedo.dds"
"cru_flat001","crystal","MAP-LOCAL","1","45.8","8.5","3.4","44.5","46.1","48","DXT3","512x512","/maps/the_crucible.v0004/env/layers/cru_flat001_albedo.dds"
"crystalwerk02","crystal","crystalline","1","46.8","18.1","14.8","46.2","47.4","45.1","DXT5","512x512","/env/crystalline/layers/crystalwerk02_albedo.dds"
"crystal_002_color_01","crystal","MAP-LOCAL","1","49.7","32.2","31.4","124.9","0.6","105","uncompressed","1024x1024","/maps/adaptive_crateria.v0011/env/layers/crystal_002_color_01.dds"
"crystalwerk02b_albedo_blue tint","crystal","MAP-LOCAL","1","49.9","22.2","17.8","43.3","46.6","83.9","DXT5","512x512","/maps/bluelands.v0002/env/layers/crystalwerk02b_albedo_blue tint.dds"
"cryst009","crystal","MAP-LOCAL","1","52.6","4.4","2","44.1","47.2","102.7","DXT5","512x512","/maps/eonnacia.v0033/env/layers/cryst009_albedo.dds"
"crystalwerk02b","crystal","crystalline","14","53.8","23.9","19.2","51.6","55.2","52.4","DXT3","512x512","/env/crystalline/layers/crystalwerk02b_albedo.dds"
"cru_rock001","crystal","MAP-LOCAL","1","54.7","22.6","14.6","54.5","54.9","54.5","DXT3","512x512","/maps/the_crucible.v0004/env/layers/cru_rock001_albedo.dds"
"cryst_rock01","crystal","crystalline","4","54.8","42.2","23.8","48.7","57.2","59","DXT3","512x512","/env/crystalline/layers/cryst_rock01_albedo.dds"
"cru_grayrock1","crystal","MAP-LOCAL","1","54.9","28.8","13.2","57.1","54","53.7","DXT3","512x512","/maps/rusting_iron_roundel.v0003/env/layers/cru_grayrock1.dds"
"cru_grayrock1","crystal","MAP-LOCAL","1","54.9","28.8","13.2","57.1","54","53.7","DXT3","512x512","/maps/the_crucible.v0004/env/layers/cru_grayrock1.dds"
"cryst011_albedo6","crystal","MAP-LOCAL","1","55.1","4.8","2.5","10.7","67.5","107.9","DXT5","512x512","/maps/eonnacia.v0033/env/layers/cryst011_albedo6.dds"
"cr_rock001","crystal","crystalline","6","55.9","38.4","23.2","45.8","60.6","58.3","DXT3","512x512","/env/crystalline/layers/cr_rock001_albedo.dds"
"crystalwerk02b_orange_tint","crystal","MAP-LOCAL","1","58.5","25.3","20.4","77.5","55.2","25.1","DXT5","512x512","/maps/forbidden_isles.v0004/env/layers/crystalwerk02b_orange_tint_albedo.dds"
"crystalwerk02b_orange_tint","crystal","MAP-LOCAL","1","58.5","25.3","20.4","77.5","55.2","25.1","DXT5","512x512","/maps/tiger_isle.v0006/env/layers/crystalwerk02b_orange_tint_albedo.dds"
"crystalwerk04","crystal","MAP-LOCAL","1","58.6","5.7","2.6","50.6","51.8","114.3","DXT5","512x512","/maps/eonnacia.v0033/env/layers/crystalwerk04_albedo.dds"
"cr_rock05","crystal","crystalline","7","60.6","19.4","11.5","56.5","61.5","67.1","DXT3","512x512","/env/crystalline/layers/cr_rock05_albedo.dds"
"cr_rock004","crystal","crystalline","1","66.3","27.7","16.7","55.7","71.6","66.8","DXT3","512x512","/env/crystalline/layers/cr_rock004_albedo.dds"
"cru_rock002","crystal","MAP-LOCAL","1","66.4","17.9","15.1","70.7","65.4","59.6","DXT3","1024x1024","/maps/the_crucible.v0004/env/layers/cru_rock002.dds"
"cryst010_albedo2","crystal","MAP-LOCAL","1","66.8","3.6","1.5","0","91.1","116.6","DXT5","512x512","/maps/mystic_land.v0008/env/layers/cryst010_albedo2.dds"
"cryst010_albedo2","crystal","MAP-LOCAL","1","66.8","3.6","1.5","0","91.1","116.6","DXT5","512x512","/maps/mystic_land.v0011/env/layers/cryst010_albedo2.dds"
"cr_rock002b","crystal","crystalline","2","67.2","16.9","12.4","59.4","69.6","75","DXT3","512x512","/env/crystalline/layers/cr_rock002b_albedo.dds"
"crystalwerk01","crystal","crystalline","6","71","5.3","3.6","67.3","72.8","71.2","DXT3","512x512","/env/crystalline/layers/crystalwerk01_albedo.dds"
"cr_07_01b","crystal","crystalline","7","73","52.8","33.1","16.2","97.9","94.1","DXT3","512x512","/env/crystalline/layers/cr_07_01b_albedo.dds"
"crystalwerk03","crystal","crystalline","1","75.6","8.4","5.6","75","76.2","73.9","DXT5","512x512","/env/crystalline/layers/crystalwerk03_albedo.dds"
"cr_09_01","crystal","crystalline","3","76.1","21.3","12.8","66.8","80.1","80.2","DXT3","512x512","/env/crystalline/layers/cr_09_01_albedo.dds"
"crystalwerk04_b","crystal","crystalline","3","76.5","17.5","7.8","72.1","77.9","80.8","DXT3","512x512","/env/crystalline/layers/crystalwerk04_b_albedo.dds"
"crystalwerk04","crystal","crystalline","1","85.6","24.9","11.4","78.2","87.7","94.2","DXT5","512x512","/env/crystalline/layers/crystalwerk04_albedo.dds"
"cr_sandwet","crystal","crystalline","4","92.4","8.3","3.3","87.8","93.9","97.3","DXT3","512x512","/env/crystalline/layers/cr_sandwet_albedo.dds"
"crystalwerk05","crystal","crystalline","2","105.2","10.9","10","100.3","106.8","110.1","DXT1","512x512","/env/crystalline/layers/crystalwerk05_albedo.dds"
"crystalwerk06","crystal","crystalline","1","129","22.2","14.4","124.9","128","144.7","DXT5","512x512","/env/crystalline/layers/crystalwerk06_albedo.dds"
"crystalwerk04_normals","crystal","crystalline","1","140.2","32.6","9.1","127.8","128.5","233.3","uncompressed","512x512","/env/crystalline/layers/crystalwerk04_normals.dds"
"cr_rock002b_normal","crystal","crystalline","1","140.8","18.2","6.5","126.8","127.9","244.5","DXT3","512x512","/env/crystalline/layers/cr_rock002b_normal.dds"
"sw_mudder_04","dirt","swamp","4","17.8","9.4","3.7","15.7","20.7","8.8","DXT5","512x512","/env/swamp/layers/sw_mudder_04_albedo.dds"
"sw_mudder_01","dirt","swamp","6","22.3","14.9","5.9","19.8","25.4","12.9","DXT1","512x512","/env/swamp/layers/sw_mudder_01_albedo.dds"
"trop_dirt_albedo_blue tint","dirt","MAP-LOCAL","1","29.1","7.3","3.1","29","29.8","25.5","DXT5","512x512","/maps/bluelands.v0002/env/layers/trop_dirt_albedo_blue tint.dds"
"trop_dirt","dirt","tropical","17","34.7","8","3.4","41.2","35.1","15.8","DXT1","512x512","/env/tropical/layers/trop_dirt_albedo.dds"
"eg_dirt002","dirt","evergreen2","18","48.6","24.6","9.7","55.5","47.1","38.5","DXT1","512x512","/env/evergreen2/layers/eg_dirt002_albedo.dds"
"sak_mud1","dirt","MAP-LOCAL","1","57.6","11","6.4","63.6","55.9","50.5","DXT1","512x512","/maps/gateway_and_rose.v0002/env/layers/sak_mud1.dds"
"dirt","dirt","MAP-LOCAL","1","59","5.7","4.4","67.9","61.4","23.8","DXT5","1024x1024","/maps/autumn.v0001/env/layers/dirt_albedo.dds"
"rb_redmud","dirt","red barrens","10","64.9","10.3","5.5","111.7","48.1","28.7","DXT1","512x512","/env/red barrens/layers/rb_redmud_albedo.dds"
"eg_dirt002_albedo_purple tint","dirt","MAP-LOCAL","1","66.3","33","13.1","54.9","62.9","113.7","DXT5","512x512","/maps/bluelands.v0002/env/layers/eg_dirt002_albedo_purple tint.dds"
"eg_dirt003","dirt","evergreen2","28","67.2","21.7","9.7","77.2","64.9","52.7","DXT1","512x512","/env/evergreen2/layers/eg_dirt003_albedo.dds"
"eg_dirt001","dirt","evergreen2","11","67.2","33.9","13.4","76.7","65.1","53.2","DXT5","512x512","/env/evergreen2/layers/eg_dirt001_albedo.dds"
"tr_ground001","dirt","tropical","4","69.2","16.9","6.3","76.7","68.7","52.6","DXT1","512x512","/env/tropical/layers/tr_ground001_albedo.dds"
"dirt001","dirt","evergreen","10","70.6","21.7","11.7","72.2","82","7.7","DXT1","512x512","/env/evergreen/layers/dirt001_albedo.dds"
"trrawground01","dirt","tropical","4","72.1","15.3","7.6","81.8","71.7","48.1","DXT5","512x512","/env/tropical/layers/trrawground01_albedo.dds"
"dirt_b","dirt","MAP-LOCAL","1","75","10.2","5.1","93.3","68.7","59.6","DXT1","1024x1024","/maps/autumn.v0001/env/layers/dirt_b_albedo.dds"
"mentor5","dirt","MAP-LOCAL","1","78.2","16.7","12","101.6","74.2","37.9","DXT1","512x512","/maps/mentor.v0007/env/layers/mentor5.dds"
"dirt000","dirt","paradise","3","80.9","20.2","8.5","96.1","79.5","48.3","DXT1","512x512","/env/paradise/layers/dirt000_albedo.dds"
"geo_dirt_01","dirt","geothermal","9","86.9","35.4","16.5","84.3","85.5","100.9","DXT1","512x512","/env/geothermal/layers/geo_dirt_01_albedo.dds"
"_tundradirt001","dirt","tundra","2","87.2","38.3","15.2","96.5","85.3","72.2","DXT3","512x512","/env/tundra/layers/_tundradirt001_albedo.dds"
"dirt001","dirt","paradise","1","97.7","23.2","9.8","122.6","92.8","57.6","DXT1","512x512","/env/paradise/layers/dirt001_albedo.dds"
"dirt_a","dirt","MAP-LOCAL","1","99","10.1","4.4","108.6","98.1","78.5","DXT5","1024x1024","/maps/autumn.v0001/env/layers/dirt_a_albedo.dds"
"tex2_k","dirt","MAP-LOCAL","1","106","10.3","4.8","122.3","104","73.6","DXT1","512x512","/maps/amoor.v0003/env/layers/tex2_k.dds"
"mentor4","dirt","MAP-LOCAL","1","106.6","34.4","14.9","131.3","101.9","66.2","DXT1","512x512","/maps/mentor.v0007/env/layers/mentor4.dds"
"soil_q3","dirt","MAP-LOCAL","1","110.2","15.2","6.7","127.4","107.7","77.8","DXT1","512x512","/maps/amoor.v0003/env/layers/soil_q3.dds"
"evgrass006","grass","evergreen2","10","16.5","9.6","3.5","9.9","22.7","1.9","DXT1","512x512","/env/evergreen2/layers/evgrass006_albedo.dds"
"trop_grassjung","grass","tropical","2","25.7","10.4","5.3","19.4","31.7","11.2","DXT1","512x512","/env/tropical/layers/trop_grassjung_albedo.dds"
"sw_sphagnum_03","grass","swamp","2","28.7","14.7","9.4","24.7","34.1","12","DXT1","512x512","/env/swamp/layers/sw_sphagnum_03_albedo.dds"
"eg_grass001","grass","evergreen2","18","31.1","9.3","3.6","29.7","35.4","12.9","DXT1","512x512","/env/evergreen2/layers/eg_grass001_albedo.dds"
"trop_grass_albedo_blue tint","grass","MAP-LOCAL","1","31.1","14.9","5.8","26.9","31.1","42.3","DXT5","512x512","/maps/bluelands.v0002/env/layers/trop_grass_albedo_blue tint.dds"
"evgrass010a","grass","evergreen2","23","31.8","10.4","3.9","30.2","36.8","10.6","DXT1","512x512","/env/evergreen2/layers/evgrass010a_albedo.dds"
"macrotexture001","grass","paradise","4","38.4","7.4","3.1","39.8","42","16","DXT5","256x256","/env/paradise/layers/macrotexture001_albedo.dds"
"macrotexture000","grass","paradise","3","38.4","7.4","3.1","39.8","42","16","DXT5","256x256","/env/paradise/layers/macrotexture000_albedo.dds"
"evgrass009","grass","evergreen2","17","38.7","14.8","5.7","36.5","44","17.3","DXT5","512x512","/env/evergreen2/layers/evgrass009_albedo.dds"
"trgrass005","grass","tropical","1","41.3","7.9","3.1","39.8","47.2","15.2","DXT3","512x512","/env/tropical/layers/trgrass005_albedo.dds"
"evgrass005a","grass","evergreen2","11","41.6","10.1","3.7","38.5","48.2","15.5","DXT1","512x512","/env/evergreen2/layers/evgrass005a_albedo.dds"
"sw_sphagnum_01","grass","swamp","2","42","17.6","11.5","31.1","52.9","14.3","DXT1","512x512","/env/swamp/layers/sw_sphagnum_01_albedo.dds"
"sw_sphagnum_02","grass","swamp","1","43.4","12.8","6.5","32.2","54.6","15","DXT1","512x512","/env/swamp/layers/sw_sphagnum_02_albedo.dds"
"evgrass010","grass","evergreen2","8","44","13.3","4.9","43.4","48.4","22.6","DXT5","512x512","/env/evergreen2/layers/evgrass010_albedo.dds"
"sw_grass_02","grass","swamp","1","44.5","31.1","12.7","39.2","53.1","13.9","DXT1","512x512","/env/swamp/layers/sw_grass_02_albedo.dds"
"trop_grass","grass","tropical","15","47.5","19.6","7.6","54.9","49.6","17.2","DXT1","512x512","/env/tropical/layers/trop_grass_albedo.dds"
"eg_grass002c","grass","evergreen2","4","47.5","14","7.6","47.5","53.6","15.9","DXT3","512x512","/env/evergreen2/layers/eg_grass002c_albedo.dds"
"grass000","grass","paradise","1","47.5","19.6","7.6","54.9","49.6","17.2","DXT1","512x512","/env/paradise/layers/grass000_albedo.dds"
"grassjung","grass","paradise","1","48.7","19.8","10.3","31.1","63","21.2","DXT1","512x512","/env/paradise/layers/grassjung_albedo.dds"
"eg_grass002b","grass","evergreen2","3","50","11.8","6.4","47.6","56.7","22.2","DXT3","512x512","/env/evergreen2/layers/eg_grass002b_albedo.dds"
"eg_grass002","grass","evergreen2","1","50","11.8","6.4","47.6","56.7","22.2","DXT1","512x512","/env/evergreen2/layers/eg_grass002_albedo.dds"
"sw_mossy_01","grass","swamp","4","51.4","33.5","12.2","43.9","59.2","31.3","DXT1","512x512","/env/swamp/layers/sw_mossy_01_albedo.dds"
"macrotexture000","grass","evergreen","235","52.1","7.2","3","53.2","54.5","36.9","DXT5","256x256","/env/evergreen/layers/macrotexture000_albedo.dds"
"macrotexture001","grass","evergreen","11","52.1","7.2","3","53.2","54.5","36.9","DXT5","256x256","/env/evergreen/layers/macrotexture001_albedo.dds"
"evtrans01","grass","evergreen2","4","52.4","21","8.5","51.5","59.1","20.2","DXT5","512x512","/env/evergreen2/layers/evtrans01_albedo.dds"
"trtrans001","grass","tropical","1","52.9","24.1","11.5","39","62.6","39.3","DXT1","512x512","/env/tropical/layers/trtrans001_albedo.dds"
"farms001","grass","utility","1","53","12","10.2","52.4","57.3","32.8","DXT1","512x512","/env/utility/layers/farms001_albedo.dds"
"grass001","grass","evergreen","5","53.1","21.4","8.2","59.5","58.9","6.1","DXT1","512x512","/env/evergreen/layers/grass001_albedo.dds"
"grass","grass","MAP-LOCAL","1","54.9","7.4","5","58.3","60.7","16.3","DXT5","1024x1024","/maps/autumn.v0001/env/layers/grass_albedo.dds"
"evgrass003","grass","evergreen2","11","55.1","19","7.2","48.8","63.2","30.5","DXT1","512x512","/env/evergreen2/layers/evgrass003_albedo.dds"
"evgrass005","grass","evergreen2","40","55.8","9.4","4.2","55.2","61.3","29.1","DXT3","512x512","/env/evergreen2/layers/evgrass005_albedo.dds"
"tr_grasshills_albedo2","grass","MAP-LOCAL","1","55.8","7.7","3.9","28.9","71.2","47.6","DXT5","512x512","/maps/mystic_land.v0008/env/layers/tr_grasshills_albedo2.dds"
"tr_grasshills_albedo2","grass","MAP-LOCAL","1","55.8","7.7","3.9","28.9","71.2","47.6","DXT5","512x512","/maps/mystic_land.v0011/env/layers/tr_grasshills_albedo2.dds"
"trtrans005","grass","tropical","1","56","25.2","11.9","41.4","68.1","31.5","DXT1","512x512","/env/tropical/layers/trtrans005_albedo.dds"
"evgrass004","grass","evergreen2","27","56.1","12.9","5","52","63.9","26.4","DXT1","512x512","/env/evergreen2/layers/evgrass004_albedo.dds"
"grass_dark01","grass","MAP-LOCAL","1","58.7","11.9","6.9","58.1","65.1","27.3","DXT1","512x512","/maps/amoor.v0003/env/layers/grass_dark01.dds"
"evhostas001","grass","evergreen2","3","58.8","29.5","11.3","49.1","69.6","28.4","DXT1","512x512","/env/evergreen2/layers/evhostas001_albedo.dds"
"grass000","grass","evergreen","3","59.1","22.1","8.5","68","62.2","19.8","uncompressed","512x512","/env/evergreen/layers/grass000_albedo.dds"
"evgrass007","grass","evergreen2","14","60.7","14.9","5.5","59.9","66","35.2","DXT1","512x512","/env/evergreen2/layers/evgrass007_albedo.dds"
"none","grass","common","5","61.3","0","0","60","64","51","DXT5","512x512","/env/common/layers/none_albedo.dds"
"trgrass003","grass","tropical","1","62.1","30.2","11.8","38.3","79.3","35.6","DXT1","512x512","/env/tropical/layers/trgrass003_albedo.dds"
"trbush_moss","grass","tropical","1","62.8","33.9","12.3","45.4","78.1","29.8","DXT1","512x512","/env/tropical/layers/trbush_moss_albedo.dds"
"evgrass008","grass","evergreen2","8","63.7","18.4","7.1","61.1","70.6","35.3","DXT1","512x512","/env/evergreen2/layers/evgrass008_albedo.dds"
"evtrans03","grass","evergreen2","18","64.7","15.2","7.8","60.4","74.5","25.1","DXT1","512x512","/env/evergreen2/layers/evtrans03_albedo.dds"
"sak_grass1","grass","MAP-LOCAL","1","66.8","16.3","6.3","66.4","69.1","55.3","DXT1","512x512","/maps/gateway_and_rose.v0002/env/layers/sak_grass1.dds"
"trgrass006","grass","tropical","2","67.6","9.9","3.8","53","81.1","36.6","uncompressed","512x512","/env/tropical/layers/trgrass006_albedo.dds"
"trgrass004","grass","tropical","1","67.7","9.9","3.8","43.6","85.1","41.3","DXT1","512x512","/env/tropical/layers/trgrass004_albedo.dds"
"evgrass005a_albedo2","grass","MAP-LOCAL","1","68.2","9.2","3.2","16.8","95.9","60.3","DXT5","512x512","/maps/mystic_land.v0008/env/layers/evgrass005a_albedo2.dds"
"evgrass005a_albedo2","grass","MAP-LOCAL","1","68.2","9.2","3.2","16.8","95.9","60.3","DXT5","512x512","/maps/mystic_land.v0011/env/layers/evgrass005a_albedo2.dds"
"sw_creeper_01","grass","swamp","3","70.3","38.1","19","62.6","82.8","26.5","DXT1","512x512","/env/swamp/layers/sw_creeper_01_albedo.dds"
"sw_grass_01","grass","swamp","1","73.9","36","14.8","67.9","85","32.7","DXT1","512x512","/env/swamp/layers/sw_grass_01_albedo.dds"
"evgrass008_blue_tint","grass","MAP-LOCAL","1","75.5","10.9","4.3","57.3","77.4","113.4","DXT5","512x512","/maps/bluelands.v0002/env/layers/evgrass008_blue_tint.dds"
"sw_grass_03","grass","swamp","1","76.2","30.6","10.3","70.3","87.4","33.6","DXT1","512x512","/env/swamp/layers/sw_grass_03_albedo.dds"
"sak_grass3","grass","MAP-LOCAL","1","77.5","9.1","4","82.2","77.2","66.6","DXT1","512x512","/maps/gateway_and_rose.v0002/env/layers/sak_grass3.dds"
"sak_grass2","grass","MAP-LOCAL","1","81.2","9.5","3.9","89.6","82.1","54.8","DXT1","512x512","/maps/gateway_and_rose.v0002/env/layers/sak_grass2.dds"
"trgrass007","grass","tropical","3","89.5","29.4","11.3","74.5","101.7","65.9","DXT1","512x512","/env/tropical/layers/trgrass007_albedo.dds"
"sak_yg1","grass","MAP-LOCAL","1","90.1","10.7","5.4","98.4","91.9","59.2","DXT1","512x512","/maps/gateway_and_rose.v0002/env/layers/sak_yg1.dds"
"trtrans004","grass","tropical","1","96","32.8","28.3","91.1","102","78.3","DXT1","512x512","/env/tropical/layers/trtrans004_albedo.dds"
"tund_grass","grass","tundra","2","96.4","39.1","15.2","105.7","95.9","74.6","DXT1","512x512","/env/tundra/layers/tund_grass_albedo.dds"
"trtrans002","grass","tropical","2","100.6","31.7","20.6","90.4","110.2","77.9","DXT1","512x512","/env/tropical/layers/trtrans002_albedo.dds"
"jungle_floor_001_basecolor","grass","MAP-LOCAL","1","100.8","28.9","25.3","111.3","100.3","76","uncompressed","1024x1024","/maps/skellige.v0005/env/layers/jungle_floor_001_basecolor.dds"
"shallow","grass","common","1","108.8","97","93.8","73.3","124.2","122.4","DXT1","512x512","/env/common/layers/shallow_albedo.dds"
"mentor1","grass","MAP-LOCAL","1","145.8","28.6","12.9","158.4","151.1","85.6","DXT5","512x512","/maps/mentor.v0007/env/layers/mentor1.dds"
"mentor2","grass","MAP-LOCAL","1","154.4","21.5","9.6","165.6","154.5","124.1","DXT5","1024x1024","/maps/mentor.v0007/env/layers/mentor2.dds"
"lav_gravel","gravel","lava","14","19.5","10.3","3.8","20.3","19","20.2","DXT1","512x512","/env/lava/layers/lav_gravel_albedo.dds"
"eg_gravel002","gravel","evergreen2","6","41.9","23.4","9.1","42.7","42.9","34.7","DXT1","512x512","/env/evergreen2/layers/eg_gravel002_albedo.dds"
"eg_gravel","gravel","evergreen2","9","55.9","30.7","12","58.6","56.5","45.9","DXT1","512x512","/env/evergreen2/layers/eg_gravel_albedo.dds"
"eg_gravel01","gravel","evergreen2","7","55.9","30.7","12","58.6","56.5","45.9","DXT1","512x512","/env/evergreen2/layers/eg_gravel01_albedo.dds"
"eg_gravel2","gravel","evergreen2","5","55.9","30.7","12","58.6","56.5","45.9","DXT3","512x512","/env/evergreen2/layers/eg_gravel2_albedo.dds"
"rb_gravel01","gravel","red barrens","5","56.8","20.1","7.4","91.6","44.5","28.7","DXT1","512x512","/env/red barrens/layers/rb_gravel01_albedo.dds"
"tund_gravil","gravel","tundra","1","68","34.5","16.3","64.2","68.9","72.9","DXT3","512x512","/env/tundra/layers/tund_gravil_albedo.dds"
"eg_gravel003","gravel","evergreen2","6","80.2","44","17.2","84","81.1","65.9","DXT1","512x512","/env/evergreen2/layers/eg_gravel003_albedo.dds"
"des_gravel","gravel","desert","26","90.6","29.5","13.1","102.9","89","66.1","DXT5","512x512","/env/desert/layers/des_gravel_albedo.dds"
"des_gravel01","gravel","desert","32","94.8","22.9","8.6","107.7","93.1","69.3","DXT1","512x512","/env/desert/layers/des_gravel01_albedo.dds"
"pebblegravel","gravel","MAP-LOCAL","1","95.8","29","20","96.8","95.8","93.5","DXT5","1024x1024","/maps/adaptive_alpine_valley.v0003/env/layers/pebblegravel.dds"
"eg_gravel004","gravel","evergreen2","4","109.8","58.2","23.1","114.5","111.2","90.5","DXT1","512x512","/env/evergreen2/layers/eg_gravel004_albedo.dds"
"eg_gravel005","gravel","evergreen2","21","112.9","28.8","11.8","117.6","114.7","91.5","DXT1","512x512","/env/evergreen2/layers/eg_gravel005_albedo.dds"
"lav_ribbon01","lava","lava","3","20","6","4","20.8","18.8","24.1","DXT1","512x512","/env/lava/layers/lav_ribbon01_albedo.dds"
"lav_tech_wiers","lava","lava","3","30.9","28.6","20.6","58.1","18.2","25.3","DXT3","1024x1024","/env/lava/layers/lav_tech_wiers_albedo.dds"
"lav_ribbon","lava","lava","3","39.7","11.6","7.8","41.4","37.1","48.8","DXT5","512x512","/env/lava/layers/lav_ribbon_albedo.dds"
"lavarock","lava","paradise","2","44.2","23.8","12.3","43.5","45.2","40.9","DXT1","512x512","/env/paradise/layers/lavarock_albedo.dds"
"geo_lavadk_01","lava","geothermal","2","50.5","20.7","8.3","46.1","50.6","61.7","DXT1","512x512","/env/geothermal/layers/geo_lavadk_01_albedo.dds"
"geo_lavamd_02","lava","geothermal","7","59.9","19.1","11","50.3","62.8","70.5","DXT1","512x512","/env/geothermal/layers/geo_lavamd_02_albedo.dds"
"lav_lava01","lava","lava","10","66.4","22.5","16.6","203.1","9.7","0","DXT1","512x512","/env/lava/layers/lav_lava01_albedo.dds"
"lav_lava02","lava","lava","12","66.8","22.6","17.1","202","10.8","0.5","DXT5","512x512","/env/lava/layers/lav_lava02_albedo.dds"
"granular-colorful_darker","lava","MAP-LOCAL","1","79.7","27.7","12.8","145.6","46.6","77.6","DXT1","512x512","/maps/samurais_clutch_15x15.v0002/env/layers/granular-colorful_darker.dds"
"geo_lavamd_03","lava","geothermal","5","103.4","52","22.6","97.2","104.1","115.8","DXT1","512x512","/env/geothermal/layers/geo_lavamd_03_albedo.dds"
"geo_lavalt_01","lava","geothermal","3","105.5","41.6","18","103.4","104.3","117.1","DXT1","512x512","/env/geothermal/layers/geo_lavalt_01_albedo.dds"
"lav_rock10","rock","lava","4","6.1","7","4.3","6.4","5.6","8","DXT3","512x512","/env/lava/layers/lav_rock10_albedo.dds"
"trop_rock","rock","tropical","9","11.6","6.3","3.2","11.4","11.8","10.7","DXT1","512x512","/env/tropical/layers/trop_rock_albedo.dds"
"lav_rock01","rock","lava","3","14.2","11.7","8.8","17.2","12.3","16","DXT1","512x512","/env/lava/layers/lav_rock01_albedo.dds"
"lav_rock09","rock","lava","12","15","11.9","9","17.8","12.9","18.7","DXT5","512x512","/env/lava/layers/lav_rock09_albedo.dds"
"lav_rock07b","rock","lava","4","16.5","6.7","4","16.6","15.9","19.3","DXT1","512x512","/env/lava/layers/lav_rock07b_albedo.dds"
"lav_rock09b","rock","lava","10","16.8","12.5","9.5","17","16.6","17.7","DXT3","512x512","/env/lava/layers/lav_rock09b_albedo.dds"
"eg_rock","rock","evergreen2","10","19.3","22.8","12.4","23.6","18.1","14.4","DXT1","512x512","/env/evergreen2/layers/eg_rock_albedo.dds"
"darkerstone","rock","MAP-LOCAL","1","22.8","6.2","5.4","24.3","21.9","23.5","DXT1","1024x1024","/maps/adaptive_dust_survival.v0003/env/layers/darkerstone.dds"
"rock035_1k_color","rock","MAP-LOCAL","1","22.8","15.3","10.3","15.3","25.3","29","DXT1","1024x1024","/maps/frosted_isles.v0002/env/layers/rock035_1k_color.dds"
"lav_rock02","rock","lava","1","23","6.1","4.4","24.4","21.4","27.1","DXT1","512x512","/env/lava/layers/lav_rock02_albedo.dds"
"trrock005","rock","tropical","1","24.4","14.4","8.5","20.5","26.2","25.7","DXT1","512x512","/env/tropical/layers/trrock005_albedo.dds"
"lav_rock02b","rock","lava","3","24.6","6.6","4.8","23.4","24.7","27.6","DXT1","512x512","/env/lava/layers/lav_rock02b_albedo.dds"
"rb_rock","rock","red barrens","8","25.3","14.7","7.8","48.7","17.2","5.8","DXT1","512x512","/env/red barrens/layers/rb_rock_albedo.dds"
"lav_rock08","rock","lava","5","27.3","9.2","6.6","29.2","25.9","29.3","DXT1","512x512","/env/lava/layers/lav_rock08_albedo.dds"
"lav_rock03","rock","lava","7","28.3","13.9","10.8","30.1","26.6","32.2","DXT5","512x512","/env/lava/layers/lav_rock03_albedo.dds"
"lav_rock03b","rock","lava","5","29.5","14.5","11.2","29.9","28.8","32.2","DXT3","512x512","/env/lava/layers/lav_rock03b_albedo.dds"
"geo_rock002","rock","geothermal","3","31.7","28.9","11.5","30.3","33.1","28.5","DXT5","512x512","/env/geothermal/layers/geo_rock002_albedo.dds"
"lav_rock05","rock","lava","1","32.5","11.8","9.1","34.5","30.6","36.9","DXT1","512x512","/env/lava/layers/lav_rock05_albedo.dds"
"rb_rock06","rock","red barrens","17","32.8","12","7.2","58.3","23.6","13","DXT5","512x512","/env/red barrens/layers/rb_rock06_albedo.dds"
"sw_rocky_01_albedo44","rock","MAP-LOCAL","1","33.2","14.4","6.3","8.1","44.4","41.8","DXT5","512x512","/maps/mystic_land.v0008/env/layers/sw_rocky_01_albedo44.dds"
"sw_rocky_01_albedo44","rock","MAP-LOCAL","1","33.2","14.4","6.3","8.1","44.4","41.8","DXT5","512x512","/maps/mystic_land.v0011/env/layers/sw_rocky_01_albedo44.dds"
"lav_macrotexture000","rock","lava","4","34.2","3.5","1.4","36.9","32.1","38","DXT5","256x256","/env/lava/layers/lav_macrotexture000_albedo.dds"
"rb_rock07","rock","red barrens","12","34.4","19","12.4","59.5","25.3","15.9","DXT1","512x512","/env/red barrens/layers/rb_rock07_albedo.dds"
"rb_rock09","rock","red barrens","4","34.5","18.8","12.3","56.7","26.6","17.5","DXT1","512x512","/env/red barrens/layers/rb_rock09_albedo.dds"
"evrock002","rock","evergreen2","8","35.6","22.7","10.6","30.5","38.7","33.2","DXT1","512x512","/env/evergreen2/layers/evrock002_albedo.dds"
"lav_macrotexture000b","rock","lava","4","35.6","3.7","1.6","36.4","34.4","39.6","DXT3","256x256","/env/lava/layers/lav_macrotexture000b_albedo.dds"
"evrock002b","rock","evergreen2","2","35.6","22.7","10.6","30.5","38.7","33.2","DXT3","512x512","/env/evergreen2/layers/evrock002b_albedo.dds"
"trrock002","rock","tropical","4","36.6","18.8","11.2","29.5","40.8","33.7","DXT1","512x512","/env/tropical/layers/trrock002_albedo.dds"
"tund_rock","rock","tundra","7","37.5","9","3.6","36.3","37.7","40.2","DXT1","512x512","/env/tundra/layers/tund_rock_albedo.dds"
"trrock006","rock","tropical","17","38.5","18.9","14.3","40.7","39","30.4","DXT5","512x512","/env/tropical/layers/trrock006_albedo.dds"
"macrotexture001","rock","red barrens","16","39.8","3.3","1.4","38.6","37.4","55.4","DXT5","256x256","/env/red barrens/layers/macrotexture001_albedo.dds"
"sw_rocky_03","rock","swamp","6","39.8","27.6","13.7","36.1","43.7","29.7","DXT1","512x512","/env/swamp/layers/sw_rocky_03_albedo.dds"
"trrock007","rock","tropical","7","41.3","19.6","14.9","40.1","42.8","36.5","DXT1","512x512","/env/tropical/layers/trrock007_albedo.dds"
"rockmed","rock","evergreen","15","44.2","23.8","12.3","43.5","45.2","40.9","DXT1","512x512","/env/evergreen/layers/rockmed_albedo.dds"
"mentor7","rock","MAP-LOCAL","1","44.3","26.4","14.5","44.4","45.5","37.9","DXT3","512x512","/maps/mentor.v0007/env/layers/mentor7.dds"
"wetrock002","rock","common","2","44.6","11.6","6.3","45.6","45.2","39.2","DXT1","512x512","/env/common/layers/wetrock002_albedo.dds"
"macrotexture000_albedo_blue tint","rock","MAP-LOCAL","1","45.6","6.4","2.6","38.2","47","57.4","DXT5","256x256","/maps/bluelands.v0002/env/layers/macrotexture000_albedo_blue tint.dds"
"evrock006b","rock","evergreen2","6","45.8","19.2","13","44.5","47.4","40.7","DXT3","512x512","/env/evergreen2/layers/evrock006b_albedo.dds"
"macrotexture000","rock","lava","5","45.8","6.9","2.8","45.8","45.8","45.8","DXT5","256x256","/env/lava/layers/macrotexture000_albedo.dds"
"geo_ashley_01","rock","geothermal","8","46.1","24.8","11.4","35.5","48.5","61.5","DXT1","512x512","/env/geothermal/layers/geo_ashley_01_albedo.dds"
"rb_rock08","rock","red barrens","7","47.1","11.5","6.8","77.2","36.6","22","DXT1","512x512","/env/red barrens/layers/rb_rock08_albedo.dds"
"macrotexture002b","rock","lava","1","47.9","4.7","2","47.3","47.1","54.1","DXT1","256x256","/env/lava/layers/macrotexture002b_albedo.dds"
"trrock003","rock","tropical","1","48.4","21.2","12.5","43.3","50.6","50","DXT1","512x512","/env/tropical/layers/trrock003_albedo.dds"
"stone_wall_006_color","rock","MAP-LOCAL","1","48.7","10.1","4.8","52.1","47.5","45.6","uncompressed","1024x1024","/maps/rusting_iron_roundel.v0003/env/layers/stone_wall_006_color.dds"
"rockmed","rock","MAP-LOCAL","1","50.3","24.1","12.5","52.6","49.4","48.7","DXT5","512x512","/maps/rusting_iron_roundel.v0003/env/layers/rockmed_albedo.dds"
"evrock003","rock","evergreen2","4","51.8","11.1","6.9","46.7","56.6","40.7","DXT1","512x512","/env/evergreen2/layers/evrock003_albedo.dds"
"rb_rock04","rock","red barrens","1","53.6","14.9","12.7","84","42","33.5","DXT1","1024x1024","/env/red barrens/layers/rb_rock04_albedo.dds"
"sw_rocky_01","rock","swamp","1","53.8","36.7","18.3","37.2","64.6","41.9","DXT1","512x512","/env/swamp/layers/sw_rocky_01_albedo.dds"
"evrock007c","rock","evergreen2","5","57.6","17.6","11.4","64.4","55.8","48.8","DXT3","512x512","/env/evergreen2/layers/evrock007c_albedo.dds"
"evrock006_lighter_albedo_blue tint","rock","MAP-LOCAL","1","59.7","18.6","12.4","49.5","57.9","96.2","DXT5","512x512","/maps/bluelands.v0002/env/layers/evrock006_lighter_albedo_blue tint.dds"
"fang_rockage","rock","MAP-LOCAL","1","60.8","3.8","2.3","54.5","61.1","75.7","DXT5","512x512","/maps/adaptive_fangtooth_islands.v0004/env/layers/fang_rockage.dds"
"evrock004","rock","evergreen2","9","61.3","25.1","17.8","61.1","59.3","71.9","DXT1","512x512","/env/evergreen2/layers/evrock004_albedo.dds"
"evrock006c","rock","evergreen2","12","62.1","22.7","15.3","69.5","60.2","52.8","DXT3","512x512","/env/evergreen2/layers/evrock006c_albedo.dds"
"evrock006","rock","evergreen2","32","62.3","23.1","15.3","63","62.2","60.6","uncompressed","512x512","/env/evergreen2/layers/evrock006_albedo.dds"
"tund_rock02","rock","tundra","1","63","32.4","12.8","64.4","62.7","61.1","uncompressed","512x512","/env/tundra/layers/tund_rock02_albedo.dds"
"rb_rock_albedo234","rock","MAP-LOCAL","1","63.5","14","7.3","25.7","78.1","88","DXT5","512x512","/maps/mystic_land.v0008/env/layers/rb_rock_albedo234.dds"
"rb_rock_albedo234","rock","MAP-LOCAL","1","63.5","14","7.3","25.7","78.1","88","DXT5","512x512","/maps/mystic_land.v0011/env/layers/rb_rock_albedo234.dds"
"sak_grayrock1","rock","MAP-LOCAL","1","63.7","37","17.7","64.9","63.7","59.9","DXT1","512x512","/maps/gateway_and_rose.v0002/env/layers/sak_grayrock1.dds"
"evrock007","rock","evergreen2","13","64","25.7","16.5","64.5","64","62.8","DXT5","512x512","/env/evergreen2/layers/evrock007_albedo.dds"
"evrock005","rock","evergreen2","1","64.4","33.7","21.7","64.2","63","72","DXT1","512x512","/env/evergreen2/layers/evrock005_albedo.dds"
"des_rock06","rock","desert","10","66.2","20.6","11.1","75.6","64.9","48","DXT1","512x512","/env/desert/layers/des_rock06_albedo.dds"
"rocklight","rock","evergreen","10","67.1","29.3","11.7","75.5","65.7","51.9","DXT1","512x512","/env/evergreen/layers/rocklight_albedo.dds"
"rock001","rock","paradise","3","67.1","29.3","11.7","75.5","65.7","51.9","DXT1","512x512","/env/paradise/layers/rock001_albedo.dds"
"rb_rock02","rock","red barrens","3","68.5","18.5","15.9","106.9","55.2","36.5","uncompressed","1024x1024","/env/red barrens/layers/rb_rock02_albedo.dds"
"rockdust3c","rock","MAP-LOCAL","1","68.6","0","0","63","72","66","DXT3","128x128","/maps/adaptive_dust_survival.v0003/env/layers/rockdust3c.dds"
"des_rock05","rock","desert","22","70.7","19.9","11.9","80.2","69.5","52.4","DXT1","512x512","/env/desert/layers/des_rock05_albedo.dds"
"evrock006_lighter_orange_tint","rock","MAP-LOCAL","1","71.9","20.8","13.9","99.5","65.8","30.9","DXT5","512x512","/maps/forbidden_isles.v0004/env/layers/evrock006_lighter_orange_tint_albedo.dds"
"evrock006_lighter_orange_tint","rock","MAP-LOCAL","1","71.9","20.8","13.9","99.5","65.8","30.9","DXT5","512x512","/maps/tiger_isle.v0006/env/layers/evrock006_lighter_orange_tint_albedo.dds"
"rock_ore_001_color","rock","MAP-LOCAL","1","72.4","18.1","15.6","73.9","73.3","63.7","uncompressed","1024x1024","/maps/adaptive_crateria.v0011/env/layers/rock_ore_001_color.dds"
"evrock008","rock","evergreen2","28","74","20.5","10.7","74.5","74","72.9","DXT5","512x512","/env/evergreen2/layers/evrock008_albedo.dds"
"wetrock001","rock","common","2","75.3","28.5","15.5","77.1","76.2","66","DXT1","512x512","/env/common/layers/wetrock001_albedo.dds"
"rock_a","rock","MAP-LOCAL","1","75.4","10.5","8.2","76.3","76.4","68.2","DXT5","1024x1024","/maps/autumn.v0001/env/layers/rock_a_albedo.dds"
"rb_rock03","rock","red barrens","1","75.5","21","17.9","112.9","61.3","50.7","DXT1","1024x1024","/env/red barrens/layers/rb_rock03_albedo.dds"
"stone_wall10","rock","MAP-LOCAL","1","76.9","26.3","15","90.9","76.2","43.8","DXT1","512x512","/maps/amoor.v0003/env/layers/stone_wall10.dds"
"geo_rock001","rock","geothermal","10","79.7","27.8","20.8","73.2","80.2","93.9","DXT5","512x512","/env/geothermal/layers/geo_rock001_albedo.dds"
"red_granite","rock","MAP-LOCAL","1","80.4","19.2","11.2","117.7","69.3","39.5","DXT5","512x512","/maps/forbidden_isles.v0004/env/layers/red_granite.dds"
"ev_reef_coral","rock","evergreen2","2","80.9","15.5","11.2","75.9","85.6","70.1","DXT3","512x512","/env/evergreen2/layers/ev_reef_coral_albedo.dds"
"des_rock","rock","desert","6","83","15.5","9.7","109.9","75.2","52.8","DXT1","512x512","/env/desert/layers/des_rock_albedo.dds"
"sak_rock1","rock","MAP-LOCAL","1","83.3","17.7","13.1","89.6","79.4","86.8","DXT1","512x512","/maps/gateway_and_rose.v0002/env/layers/sak_rock1.dds"
"deep","rock","common","1","84","74.1","68.3","73.8","81","126.2","DXT1","512x512","/env/common/layers/deep_albedo.dds"
"des_rock01","rock","desert","33","87.8","22.3","13.1","99.8","86.3","64","DXT1","512x512","/env/desert/layers/des_rock01_albedo.dds"
"darkerrock","rock","MAP-LOCAL","1","94.8","0","0","139","79","60","DXT5","128x128","/maps/adaptive_dust_survival.v0003/env/layers/darkerrock.dds"
"boulderfield","rock","MAP-LOCAL","1","98.4","13.7","10.9","102.9","98.2","87.9","DXT5","1024x1024","/maps/adaptive_alpine_valley.v0003/env/layers/boulderfield.dds"
"des_rock03","rock","desert","5","100.7","25.3","21.6","115.1","97.6","78.8","DXT1","1024x1024","/env/desert/layers/des_rock03_albedo.dds"
"tund_rock03","rock","tundra","10","106.8","35","13.9","102.2","107.8","113.2","DXT5","512x512","/env/tundra/layers/tund_rock03_albedo.dds"
"masonry_3_x","rock","MAP-LOCAL","1","110.2","28.3","14.6","123.4","109.3","80.1","DXT1","512x512","/maps/amoor.v0003/env/layers/masonry_3_x.dds"
"des_rock02","rock","desert","8","111.9","10.2","6.2","147.9","103.3","62.1","DXT1","512x512","/env/desert/layers/des_rock02_albedo.dds"
"des_rock04","rock","desert","2","114.1","30.2","25.8","131.4","110.4","88.3","DXT1","1024x1024","/env/desert/layers/des_rock04_albedo.dds"
"tr_reef_coral2","rock","tropical","5","117.7","20.1","13","97","129.6","110.7","DXT3","512x512","/env/tropical/layers/tr_reef_coral2_albedo.dds"
"tr_reef_coral","rock","tropical","4","117.7","20.1","13","97","129.6","110.7","DXT1","512x512","/env/tropical/layers/tr_reef_coral_albedo.dds"
"tr_coral","rock","tropical","4","122.8","19.1","15.1","61.7","148.3","151.3","DXT1","512x512","/env/tropical/layers/tr_coral_albedo.dds"
"cardboard_darker","rock","MAP-LOCAL","1","125.6","4.7","2.1","141.1","121.4","107","DXT5","512x512","/maps/forbidden_isles.v0004/env/layers/cardboard_darker.dds"
"rockcolour","rock","MAP-LOCAL","1","126.5","0","0","150","118","109","DXT1","128x128","/maps/adaptive_dust_survival.v0003/env/layers/rockcolour.dds"
"rock-grey","rock","MAP-LOCAL","1","128.8","26","20.8","134.5","128.1","117.6","DXT5","1024x1024","/maps/adaptive_archsimkats_valley.v0003/env/layers/rock-grey.dds"
"rock-grey","rock","MAP-LOCAL","1","128.8","26","20.8","134.5","128.1","117.6","DXT5","1024x1024","/maps/archsimkats_valley.v0004/env/layers/rock-grey.dds"
"rb_sandwet","sand","red barrens","2","31.3","3.7","2.1","61.4","19.8","11.3","DXT1","512x512","/env/red barrens/layers/rb_sandwet_albedo.dds"
"sandwet_albedo_darker","sand","MAP-LOCAL","1","43.6","9.8","3.8","49.5","42.9","32.2","DXT1","256x256","/maps/lost_wisdom.v0002/env/layers/sandwet_albedo_darker.dds"
"sandlight002_blue_tint","sand","MAP-LOCAL","1","59.6","9.5","3.7","44.1","60.5","95.9","DXT5","256x256","/maps/bluelands.v0002/env/layers/sandlight002_blue_tint_albedo.dds"
"rb_sand","sand","red barrens","24","62.3","11.1","5.8","102.6","48.3","28.9","DXT1","512x512","/env/red barrens/layers/rb_sand_albedo.dds"
"fang_sand_darker","sand","MAP-LOCAL","1","64.9","2.5","2.3","61.3","65.5","71.8","DXT5","512x512","/maps/adaptive_fangtooth_islands.v0004/env/layers/fang_sand_darker.dds"
"sandwet","sand","evergreen","11","65","13.4","5.3","70.8","64.2","53.8","uncompressed","512x512","/env/evergreen/layers/sandwet_albedo.dds"
"cracked_cement_sand2_red_blend","sand","MAP-LOCAL","1","68","8.7","4.5","94.6","60.7","36.4","DXT1","1024x1024","/maps/forbidden_isles.v0004/env/layers/cracked_cement_sand2_red_blend.dds"
"des_sanddark02","sand","desert","37","84.9","15.3","5.6","104.5","80","58.2","DXT1","512x512","/env/desert/layers/des_sanddark02_albedo.dds"
"fang_sand_dark","sand","MAP-LOCAL","1","88.8","3.2","2.9","80.7","90","103.4","DXT5","512x512","/maps/adaptive_fangtooth_islands.v0004/env/layers/fang_sand_dark.dds"
"sanddust3b","sand","MAP-LOCAL","1","94.1","0","0","104","92","79","DXT3","128x128","/maps/adaptive_dust_survival.v0003/env/layers/sanddust3b.dds"
"ev_reef_sand","sand","evergreen2","8","94.6","13.4","6.8","102.1","95.5","70.3","DXT3","512x512","/env/evergreen2/layers/ev_reef_sand_albedo.dds"
"sandlight","sand","evergreen","8","103.1","18","7.1","106.3","103.7","91.5","DXT1","512x512","/env/evergreen/layers/sandlight_albedo.dds"
"des_sandwet","sand","desert","9","103.5","8.5","3.4","105.1","103.8","98.2","DXT1","512x512","/env/desert/layers/des_sandwet_albedo.dds"
"sand000","sand","paradise","16","104.6","18.9","6.7","122.8","101.3","73.6","uncompressed","512x512","/env/paradise/layers/sand000_albedo.dds"
"sandmed","sand","paradise","10","108.5","13.4","7","120.4","106.9","85.2","uncompressed","512x512","/env/paradise/layers/sandmed_albedo.dds"
"wetsand002","sand","tropical","1","110.4","7.7","2.6","101.2","114.6","112.3","DXT1","512x512","/env/tropical/layers/wetsand002_albedo.dds"
"trop_sand","sand","tropical","15","112.4","13.8","5.4","116.5","113.4","96.7","DXT1","512x512","/env/tropical/layers/trop_sand_albedo.dds"
"des_sandmed02","sand","desert","35","116.3","8.6","4.3","129.2","114.6","90.8","DXT1","512x512","/env/desert/layers/des_sandmed02_albedo.dds"
"des_sanddark","sand","desert","19","117.7","17.3","6.2","143.6","112.4","76.5","DXT1","512x512","/env/desert/layers/des_sanddark_albedo.dds"
"sandlight002_orange_tint","sand","MAP-LOCAL","1","119.2","7.2","2.8","161.6","111.3","48.2","DXT5","256x256","/maps/tiger_isle.v0006/env/layers/sandlight002_orange_tint_albedo.dds"
"wetsand002b","sand","tropical","2","123.2","6.2","2.1","115.2","126.6","127","DXT3","512x512","/env/tropical/layers/wetsand002b_albedo.dds"
"sandrock","sand","evergreen","1","127.1","14","5.5","132.7","126.4","115.7","DXT1","256x256","/env/evergreen/layers/sandrock_albedo.dds"
"sandlight002","sand","evergreen","5","127.2","14.5","5.6","132.9","126.5","115.7","uncompressed","256x256","/env/evergreen/layers/sandlight002_albedo.dds"
"drysand002","sand","tropical","16","133.4","12.1","4.5","139","133.1","119.5","DXT1","512x512","/env/tropical/layers/drysand002_albedo.dds"
"des_sandmed","sand","desert","19","138.4","7.8","3.9","156.9","136.2","101.2","DXT1","512x512","/env/desert/layers/des_sandmed_albedo.dds"
"des_sandmed01","sand","desert","18","138.4","7.8","3.9","156.9","136.2","101.2","DXT1","512x512","/env/desert/layers/des_sandmed01_albedo.dds"
"des_sandlight","sand","desert","4","140.1","14.3","5.7","144.2","140.8","126","DXT1","512x512","/env/desert/layers/des_sandlight_albedo.dds"
"des_sandlight_normal","sand","desert","1","141.7","6.3","5.1","127.5","127.5","252.6","DXT1","512x512","/env/desert/layers/des_sandlight_normal.dds"
"tund_sandlight_normal","sand","tundra","1","141.8","6.3","5","127.5","127.5","252.6","DXT1","512x512","/env/tundra/layers/tund_sandlight_normal.dds"
"drysand001","sand","tropical","17","157","5.3","1.8","166.7","155.3","140.3","DXT1","512x512","/env/tropical/layers/drysand001_albedo.dds"
"tund_sandlight2","sand","tundra","11","172.6","9.2","4.8","166.5","174.1","181.6","DXT3","512x512","/env/tundra/layers/tund_sandlight2_albedo.dds"
"sand","sand","MAP-LOCAL","1","189.5","12.3","8.5","213.2","185.6","147.6","DXT5","1024x1024","/maps/autumn.v0001/env/layers/sand_albedo.dds"
"sandlight002","sand","paradise","2","196.7","24.2","9.6","200.8","197.7","180.5","DXT1","512x512","/env/paradise/layers/sandlight002.dds"
"trop_sand","sand","tropical","2","196.7","24.2","9.6","200.8","197.7","180.5","DXT1","512x512","/env/tropical/layers/trop_sand.dds"
"trop_sand01","sand","tropical","1","196.7","24.2","9.6","200.8","197.7","180.5","DXT1","512x512","/env/tropical/layers/trop_sand01_albedo.dds"
"sand001","sand","paradise","1","196.7","24.2","9.6","200.8","197.7","180.5","DXT1","512x512","/env/paradise/layers/sand001_albedo.dds"
"tund_melt002","snow","tundra","9","51","9.9","5.8","55.8","49.8","44.3","DXT3","512x512","/env/tundra/layers/tund_melt002_albedo.dds"
"tund_melt003","snow","tundra","1","67.8","12.5","5.7","71.1","67","63","DXT3","512x512","/env/tundra/layers/tund_melt003_albedo.dds"
"texturescom_ice_cracked_1k_height","snow","MAP-LOCAL","1","73","16.4","15.9","56.9","77.2","93.4","DXT5","1024x1024","/maps/frozen_firefight.v0003/env/layers/texturescom_ice_cracked_1k_height.dds"
"tund_melt001","snow","tundra","4","83.3","40.5","23.1","77.5","84.3","93","DXT3","512x512","/env/tundra/layers/tund_melt001_albedo.dds"
"eg_snow","snow","evergreen2","1","99.3","2.4","1.7","96.1","99.5","106.8","DXT1","512x512","/env/evergreen2/layers/eg_snow_albedo.dds"
"tund_ice004a","snow","tundra","11","111","57.9","26.6","108.1","111.6","115.3","DXT1","512x512","/env/tundra/layers/tund_ice004a_albedo.dds"
"tund_ice004","snow","tundra","5","111.1","57.7","26.5","108.1","111.7","115.3","DXT1","512x512","/env/tundra/layers/tund_ice004_albedo.dds"
"tund_ice005","snow","tundra","3","121.8","60.1","26.9","114.7","122.9","135","DXT1","512x512","/env/tundra/layers/tund_ice005_albedo.dds"
"tund_ice002","snow","tundra","9","124.9","16.3","9.7","107.4","126.4","163.5","DXT5","512x512","/env/tundra/layers/tund_ice002_albedo.dds"
"snow_field_aerial_col_1k","snow","MAP-LOCAL","1","135.9","32.1","22.9","134.6","134.2","147.5","DXT5","1024x1024","/maps/frozen_firefight.v0003/env/layers/snow_field_aerial_col_1k.dds"
"tund_snow02_normal","snow","tundra","1","139.1","31.6","9.8","126.3","128.3","228.4","DXT1","512x512","/env/tundra/layers/tund_snow02_normal.dds"
"eg_snow_normal","snow","evergreen2","1","141.8","8.3","2.4","127.3","127.3","254.3","DXT1","512x512","/env/evergreen2/layers/eg_snow_normal.dds"
"tund_ice003b","snow","tundra","4","145.6","15.5","11.1","138.3","147.8","153.9","DXT3","512x512","/env/tundra/layers/tund_ice003b_albedo.dds"
"tund_ice003","snow","tundra","3","145.6","15.5","11.1","138.3","147.8","153.9","DXT1","512x512","/env/tundra/layers/tund_ice003_albedo.dds"
"tund_ice006","snow","tundra","7","149.2","21.1","7.6","134.4","153.5","165.7","DXT1","512x512","/env/tundra/layers/tund_ice006_albedo.dds"
"tund_ice001","snow","tundra","16","155.6","7.2","4.2","143.7","159.6","165.9","DXT5","512x512","/env/tundra/layers/tund_ice001_albedo.dds"
"macroice","snow","tundra","18","155.8","4.9","3.5","143.8","159.8","166.4","DXT5","256x256","/env/tundra/layers/macroice_albedo.dds"
"tund_icerock","snow","tundra","4","157","26.8","18.2","147.7","160.2","165.7","DXT3","512x512","/env/tundra/layers/tund_icerock_albedo.dds"
"tund_snow","snow","tundra","24","173.2","2.9","2","166.8","174.7","182.5","DXT3","512x512","/env/tundra/layers/tund_snow_albedo.dds"
"ice001","snow","paradise","3","174.8","13.6","8.3","160.5","176.3","204.9","DXT1","512x512","/env/paradise/layers/ice001_albedo.dds"
"snow001","snow","evergreen","11","220","5.2","3.6","212.7","220.3","237.7","DXT1","512x512","/env/evergreen/layers/snow001_albedo.dds"
"eg_snow","snow","evergreen2","1","220","5.2","3.6","212.7","220.4","237.7","DXT1","512x512","/env/evergreen2/layers/eg_snow.dds"
"snow001","snow","paradise","2","222.2","5.1","3.5","215","222.5","239.2","DXT1","512x512","/env/paradise/layers/snow001_albedo.dds"
"light","snow","MAP-LOCAL","1","255","0","0","255","255","255","DXT1","128x128","/maps/adaptive_dust_survival.v0003/env/layers/light.dds"
